Bệnh,Mô tả
"Rối loạn hoảng sợ,""Rối loạn hoảng sợ là một tình trạng sức khỏe tâm thần đặc trưng bởi các cơn hoảng sợ đột ngột, bất ngờ—những giai đoạn sợ hãi hoặc khó chịu dữ dội—thường đi kèm với các triệu chứng thể chất như đau ngực, tim đập nhanh, khó thở hoặc chóng mặt."""
"Viêm âm đạo,""Viêm âm đạo là tình trạng viêm mô âm đạo, thường do nhiễm trùng (vi khuẩn, nấm hoặc ký sinh trùng), mất cân bằng nội tiết tố hoặc các chất gây kích ứng, dẫn đến tiết dịch, ngứa, đau hoặc rát khi đi tiểu."""
"Vấn đề trong thời kỳ mang thai,""Các vấn đề trong thai kỳ đề cập đến các biến chứng y tế như tiểu đường thai kỳ, tiền sản giật hoặc chậm phát triển thai nhi, có thể ảnh hưởng đến sức khỏe của mẹ hoặc bé trong suốt thai kỳ."""
"Viêm tụy cấp,""Viêm tụy cấp là tình trạng viêm đột ngột của tuyến tụy, gây ra đau bụng dữ dội, buồn nôn, nôn mửa và tăng men tụy, thường do sỏi mật hoặc lạm dụng rượu."""
"Bệnh hen suyễn,""Hen suyễn là một bệnh viêm mạn tính của đường hô hấp gây ra các triệu chứng tái phát như thở khò khè, khó thở, tức ngực và ho, thường do các chất gây dị ứng, tập thể dục hoặc không khí lạnh kích hoạt."""
"Viêm dạ dày ruột do nhiễm trùng,""Viêm dạ dày ruột do nhiễm trùng là một bệnh nhiễm trùng đường ruột do virus, vi khuẩn hoặc ký sinh trùng gây ra, dẫn đến các triệu chứng như tiêu chảy, nôn mửa, đau bụng và sốt."""
"Viêm xoang cấp tính,""Viêm xoang cấp tính là tình trạng viêm hoặc nhiễm trùng tạm thời ở các xoang, thường xảy ra sau khi bị cảm lạnh, gây nghẹt mũi, đau vùng mặt, cảm giác tức ngực và đau đầu."""
"Nhiễm trùng giác mạc,""Nhiễm trùng giác mạc (viêm giác mạc) là tình trạng nhiễm trùng phần trước trong suốt của mắt, thường do vi khuẩn, nấm hoặc virus gây ra, dẫn đến đau mắt, đỏ mắt, nhìn mờ và nhạy cảm với ánh sáng."""
"Lạm dụng cần sa,""Lạm dụng cần sa là việc sử dụng cần sa quá mức hoặc có hại, có thể dẫn đến suy giảm nhận thức, thay đổi khả năng phán đoán, nghiện ngập và các vấn đề sức khỏe tâm thần lâu dài."""
"Viêm bao hoạt dịch,""Viêm bao hoạt dịch là tình trạng viêm các bao hoạt dịch—những túi nhỏ chứa dịch giúp đệm cho xương và khớp—gây đau khớp, sưng tấy và hạn chế vận động, thường do chuyển động lặp đi lặp lại hoặc áp lực."""
"dày sừng quang hóa,""Viêm da do ánh nắng (actinic keratosis) là một mảng da sần sùi, có vảy do tiếp xúc lâu dài với ánh nắng mặt trời, và được coi là một tình trạng tiền ung thư có thể phát triển thành ung thư biểu mô tế bào vảy."""
"Bệnh phổi tắc nghẽn mãn tính (COPD),""COPD là một nhóm bệnh phổi tiến triển, bao gồm khí phế thũng và viêm phế quản mãn tính, đặc trưng bởi sự hạn chế luồng khí, ho, thở khò khè và khó thở."""
"Thoái hóa cột sống,""Thoái hóa cột sống là một bệnh lý thoái hóa ảnh hưởng đến cột sống do quá trình lão hóa, dẫn đến cứng khớp, đau nhức và giảm khả năng vận động do sự hao mòn của các đĩa đệm và khớp cột sống."""
"Chấn thương cánh tay,""Chấn thương cánh tay là tình trạng tổn thương cơ, xương, dây chằng hoặc da ở vùng cánh tay do chấn thương, dẫn đến đau, sưng, bầm tím hoặc hạn chế vận động."""
"Hội chứng đau vùng phức hợp,""Hội chứng đau vùng phức tạp (CRPS) là một tình trạng đau mãn tính thường ảnh hưởng đến một chi sau chấn thương, với các triệu chứng bao gồm đau rát, sưng tấy và nhạy cảm khi chạm vào."""
"Chấn thương vùng thân,""Chấn thương vùng thân bao gồm chấn thương vùng ngực, bụng hoặc lưng, có thể liên quan đến các cơ quan nội tạng, cơ bắp hoặc xương, và có thể từ vết bầm tím nhẹ đến tổn thương nội tạng nghiêm trọng."""
"Đau âm hộ,""Đau âm hộ là tình trạng đau hoặc khó chịu mãn tính xung quanh cửa âm đạo (âm hộ) mà không xác định được nguyên nhân, thường được mô tả là cảm giác nóng rát, châm chích hoặc kích ứng."""
"Chấn động não,""Chấn động não là một dạng chấn thương não nhẹ do va đập vào đầu hoặc cơ thể, dẫn đến mất chức năng não tạm thời, chẳng hạn như lú lẫn, mất trí nhớ hoặc chóng mặt."""
"Hạ đường huyết,""Hạ đường huyết là tình trạng đặc trưng bởi lượng đường trong máu thấp bất thường, thường gây ra run rẩy, đổ mồ hôi, lú lẫn, cáu gắt hoặc ngất xỉu, thường gặp ở bệnh nhân tiểu đường đang điều trị bằng insulin."""
"Thoát vị hoành,""Thoát vị hoành xảy ra khi phần trên của dạ dày đẩy xuyên qua cơ hoành vào khoang ngực, thường gây ra các triệu chứng như ợ nóng, trào ngược và đau ngực."""
"Dị ứng,""Dị ứng là phản ứng quá mức của hệ miễn dịch đối với các chất như phấn hoa, thực phẩm hoặc thuốc, gây ra các triệu chứng như hắt hơi, ngứa, phát ban hoặc sốc phản vệ."""
"Co thắt phế quản cấp tính,""Co thắt phế quản cấp tính là hiện tượng co thắt đột ngột các cơ ở thành phế quản, thường do hen suyễn hoặc chất gây dị ứng gây ra, dẫn đến thở khò khè và khó thở."""
"Bệnh thoái hóa đĩa đệm,""Thoái hóa đĩa đệm là tình trạng các đĩa đệm cột sống bị thoái hóa theo thời gian, dẫn đến đau lưng, giảm khả năng vận động và đôi khi gây chèn ép dây thần kinh."""
"Đau sau phẫu thuật,""Đau sau phẫu thuật (đau hậu phẫu) là cảm giác khó chịu hoặc đau nhức tại vị trí phẫu thuật, có thể do tổn thương mô, viêm nhiễm hoặc quá trình lành vết thương."""
"Chấn thương ở chân,""Chấn thương ở chân bao gồm tổn thương ở bất kỳ bộ phận nào của chân như đùi, đầu gối, cẳng chân hoặc mắt cá chân, có thể liên quan đến cơ, xương hoặc dây chằng."""
"Bệnh gout,""Bệnh gút là một dạng viêm khớp do sự tích tụ các tinh thể axit uric trong khớp, dẫn đến đau dữ dội đột ngột, đỏ và sưng, thường ở ngón chân cái."""
"Viêm tai giữa,""Viêm tai giữa là một bệnh nhiễm trùng tai giữa thường gặp ở trẻ em, gây đau tai, sốt, cáu gắt và đôi khi có dịch chảy ra từ tai."""
"Tổn thương thận cấp tính,""Suy thận cấp (AKI) là tình trạng mất chức năng thận đột ngột do bệnh tật, chấn thương hoặc độc tố, dẫn đến sự tích tụ các chất thải trong máu."""
"Dọa sẩy thai,""Dọa thai là tình trạng biến chứng sớm của thai kỳ, chẳng hạn như chảy máu âm đạo hoặc chuột rút, có thể cho thấy nguy cơ sảy thai nhưng thai nhi vẫn còn sống."""
"Bệnh về nướu,""Bệnh nướu răng (bệnh nha chu) là tình trạng nhiễm trùng và viêm nướu và các mô xung quanh, thường do vệ sinh răng miệng kém gây ra, dẫn đến chảy máu, tụt nướu và mất răng."""
"Xuất huyết đường tiêu hóa,""Xuất huyết đường tiêu hóa là tình trạng chảy máu xảy ra ở bất kỳ vị trí nào dọc theo đường tiêu hóa, thường biểu hiện bằng nôn ra máu hoặc phân đen, sệt như nhựa đường, và có thể do loét, giãn tĩnh mạch hoặc ung thư gây ra."""
"Rối loạn lo âu,""Lo âu là một tình trạng sức khỏe tâm thần đặc trưng bởi Rối loạn lo âu, căng thẳng hoặc sợ hãi quá mức, gây cản trở các hoạt động hàng ngày, thường đi kèm với các triệu chứng thể chất như bồn chồn, đổ mồ hôi hoặc tim đập nhanh."""
"Viêm kết mạc do dị ứng,""Viêm kết mạc dị ứng là tình trạng viêm kết mạc (lớp lót mắt) do các chất gây dị ứng như phấn hoa hoặc bụi gây ra, dẫn đến mắt đỏ, ngứa, chảy nước mắt mà không có dịch tiết nhiễm trùng."""
"Phản ứng thuốc,""Phản ứng thuốc là phản ứng bất lợi đối với thuốc, từ phát ban nhẹ hoặc khó chịu dạ dày đến các phản ứng dị ứng nghiêm trọng như hội chứng Stevens-Johnson hoặc sốc phản vệ."""
"Thoái hóa điểm vàng,""Thoái hóa điểm vàng là một chứng rối loạn về mắt làm tổn thương điểm vàng, phần của võng mạc chịu trách nhiệm cho thị lực trung tâm, dẫn đến mờ hoặc mất thị lực trung tâm, thường gặp ở người lớn tuổi."""
"Viêm phổi,""Viêm phổi là một bệnh nhiễm trùng phổi do vi khuẩn, virus hoặc nấm gây ra, dẫn đến ho, sốt, đau ngực và khó thở do viêm và tích tụ dịch trong phổi."""
"U nang âm đạo,""U nang âm đạo là một túi chứa dịch hình thành dọc theo thành âm đạo, thường lành tính và không có triệu chứng, nhưng đôi khi có thể gây khó chịu hoặc đau nếu to hoặc bị nhiễm trùng."""
"Hội chứng ống cổ tay,""Hội chứng ống cổ tay là một tình trạng do sự chèn ép dây thần kinh giữa ở cổ tay gây ra, dẫn đến tê bì, ngứa ran và yếu ở bàn tay và các ngón tay."""
"Rối loạn mũi,""Các bệnh lý về mũi bao gồm các vấn đề về cấu trúc hoặc viêm nhiễm như lệch vách ngăn mũi, polyp mũi hoặc viêm mũi, gây nghẹt mũi, khó thở hoặc chảy máu mũi."""
"Sâu răng,""Sâu răng là sự phá hủy men răng do axit được tạo ra bởi vi khuẩn ăn đường, dẫn đến sâu răng, đau răng và nhiễm trùng nếu không được điều trị."""
"Bệnh tim do tăng huyết áp,""Bệnh tim do tăng huyết áp bao gồm các bệnh lý gây ra bởi huyết áp cao mãn tính, chẳng hạn như suy tim, dày cơ tim hoặc bệnh động mạch vành."""
"Dị ứng theo mùa (sốt cỏ khô),""Dị ứng theo mùa, hay còn gọi là sốt cỏ khô, là phản ứng dị ứng với các chất gây dị ứng trong không khí như phấn hoa, gây ra các triệu chứng như hắt hơi, nghẹt mũi, ngứa mắt và kích ứng cổ họng, thường xảy ra vào những mùa cụ thể."""
"Nhiễm nấm tóc,""Nhiễm nấm da đầu, hay còn gọi là nấm da đầu (tinea capitis), là một bệnh nhiễm trùng da đầu do nấm dermatophyte gây ra, dẫn đến các mảng da bong tróc, rụng tóc, và đôi khi có các chấm đen hoặc sưng tấy."""
"Rối loạn trực tràng,""Các bệnh lý trực tràng bao gồm các tình trạng ảnh hưởng đến trực tràng như trĩ, nứt hậu môn hoặc sa trực tràng, thường gây đau, chảy máu hoặc khó khăn khi đi đại tiện."""
"Mụn lẹo,""Mụn lẹo là một cục u đỏ, đau nhức gần mép mí mắt, do nhiễm trùng vi khuẩn ở tuyến dầu gây ra, thường tự khỏi hoặc khỏi khi chườm ấm."""
"Đau tim,""Nhồi máu cơ tim xảy ra khi dòng máu đến một phần của tim bị tắc nghẽn, dẫn đến đau ngực, khó thở, buồn nôn và có thể gây tổn thương cơ tim đe dọa đến tính mạng."""
"Ngưng thở khi ngủ do tắc nghẽn đường thở (OSA),""OSA là một chứng rối loạn giấc ngủ trong đó các cơ ở cổ họng giãn ra không liên tục và chặn đường thở, gây ra hiện tượng ngừng thở lặp đi lặp lại trong khi ngủ, dẫn đến giấc ngủ kém chất lượng và mệt mỏi."""
"Bệnh vẩy nến,""Bệnh vảy nến là một bệnh da tự miễn mãn tính gây ra sự phát triển nhanh chóng của tế bào da, dẫn đến các mảng da dày, có vảy, màu đỏ, thường xuất hiện ở khuỷu tay, đầu gối hoặc da đầu."""
"Viêm khớp háng,""Viêm khớp háng là tình trạng viêm và thoái hóa sụn khớp háng, dẫn đến đau, cứng khớp và giảm khả năng vận động, thường do thoái hóa khớp gây ra."""
"Khủng hoảng hồng cầu hình liềm,""Khủng hoảng hồng cầu hình liềm là một giai đoạn đau đớn ở những người mắc bệnh hồng cầu hình liềm, trong đó các tế bào hồng cầu biến dạng làm tắc nghẽn dòng chảy của máu, gây ra đau đớn dữ dội, mệt mỏi và có thể gây tổn thương nội tạng."""
"Viêm tai ngoài ,""Viêm tai ngoài là tình trạng nhiễm trùng ống tai ngoài, thường do nước và vi khuẩn bị ứ đọng, dẫn đến đau tai, ngứa, sưng và chảy dịch."""
"Viêm tiểu phế quản cấp tính,""Viêm phế quản cấp tính là một bệnh nhiễm trùng đường hô hấp dưới thường gặp ở trẻ sơ sinh, thường do virus hợp bào hô hấp (RSV) gây ra, dẫn đến thở khò khè, ho và khó thở."""
"Nhiễm trùng da mủ,""Nhiễm trùng da mủ là một loại nhiễm trùng do vi khuẩn ở da gây ra, tạo thành mủ, chẳng hạn như áp xe, nhọt hoặc viêm mô tế bào, thường do vi khuẩn Staphylococcus aureus gây ra."""
"Viêm dạ dày ruột không do nhiễm trùng,""Viêm dạ dày ruột không do nhiễm trùng là tình trạng viêm dạ dày và ruột không phải do nhiễm trùng mà do các tác nhân gây kích ứng như thuốc, rượu hoặc không dung nạp thực phẩm."""
"Tăng sản tuyến tiền liệt lành tính (BPH),""BPH là tình trạng phì đại tuyến tiền liệt lành tính ở nam giới lớn tuổi, gây khó tiểu, tiểu yếu hoặc tiểu nhiều lần, đặc biệt là vào ban đêm."""
"Hẹp ống sống,""Hẹp ống sống là tình trạng thu hẹp ống sống, thường do viêm khớp hoặc các vấn đề về đĩa đệm gây ra, dẫn đến đau lưng, tê bì và yếu chân."""
"Viêm phế quản cấp tính,""Viêm phế quản cấp tính là tình trạng viêm các ống phế quản trong phổi, thường do nhiễm virus gây ra, dẫn đến ho, tiết dịch nhầy, khó chịu ở ngực và sốt nhẹ."""
"bệnh viêm thanh quản cấp tính,""Viêm thanh quản cấp là một bệnh nhiễm virus gây sưng đường thở ở trẻ nhỏ, dẫn đến ho khan, khàn giọng và khó thở, thường nặng hơn vào ban đêm."""
"Kinh nguyệt quá nhiều không rõ nguyên nhân,""Rong kinh vô căn là tình trạng ra máu kinh bất thường, kéo dài hoặc ra nhiều mà không tìm ra nguyên nhân bệnh lý cụ thể."""
"Tổn thương màng nhĩ,""Tổn thương màng nhĩ (thủng màng nhĩ) là vết rách hoặc lỗ trên màng nhĩ do nhiễm trùng, chấn thương hoặc tiếng ồn lớn, có thể gây đau, giảm thính lực hoặc chảy dịch."""
"Có máu trong nước tiểu (tạm thời hoặc lành tính),""Tiểu máu tạm thời hoặc lành tính là tình trạng có máu trong nước tiểu mà không có nguyên nhân nghiêm trọng nào, đôi khi do tập thể dục, thuốc hoặc nhiễm trùng nhẹ gây ra."""
"Cảm lạnh thông thường,""Cảm lạnh thông thường là một bệnh nhiễm trùng do virus ở đường hô hấp trên, thường gây ra các triệu chứng như hắt hơi, đau họng, nghẹt mũi, ho và sốt nhẹ."""
"Trầm cảm,""Trầm cảm là một rối loạn sức khỏe tâm thần đặc trưng bởi sự buồn bã dai dẳng, mất hứng thú hoặc niềm vui, mệt mỏi và thay đổi về giấc ngủ hoặc khẩu vị, ảnh hưởng đáng kể đến cuộc sống hàng ngày."""
"Chu kỳ kinh nguyệt không đều không rõ nguyên nhân,""Chu kỳ kinh nguyệt không đều vô căn là tình trạng kinh nguyệt không đều hoặc khó dự đoán mà không có nguyên nhân y khoa rõ ràng, thường liên quan đến sự mất cân bằng nội tiết tố."""
"Tâm thần phân liệt,""Tâm thần phân liệt là một rối loạn tâm thần nghiêm trọng liên quan đến sự biến dạng trong tư duy, nhận thức, cảm xúc, ngôn ngữ và hành vi, thường kèm theo ảo giác hoặc hoang tưởng."""
"Nhiễm trùng huyết,""Nhiễm trùng huyết là phản ứng đe dọa tính mạng đối với nhiễm trùng, trong đó hệ thống miễn dịch của cơ thể gây ra viêm lan rộng, dẫn đến tổn thương mô, suy nội tạng và có thể dẫn đến tử vong."""
"Viêm túi mật,""Viêm túi mật là tình trạng viêm của túi mật, thường do sỏi mật gây ra, dẫn đến đau dữ dội vùng thượng vị, sốt, buồn nôn và đau khi chạm vào."""
"Viêm bàng quang,""Viêm bàng quang là tình trạng viêm nhiễm bàng quang, thường do nhiễm trùng vi khuẩn, dẫn đến tiểu nhiều lần, tiểu đau và khó chịu ở vùng bụng dưới."""
"Bệnh trĩ,""Bệnh trĩ là tình trạng các tĩnh mạch ở hậu môn hoặc trực tràng bị giãn, gây đau, ngứa, chảy máu hoặc khó chịu khi đi đại tiện."""
"Viêm da tiếp xúc,""Viêm da tiếp xúc là tình trạng viêm da do tiếp xúc với chất gây kích ứng hoặc chất gây dị ứng, dẫn đến mẩn đỏ, ngứa, nổi mụn nước hoặc khô da."""
"Nhịp tim chậm xoang,""Nhịp tim chậm xoang là nhịp tim chậm hơn bình thường, xuất phát từ nút xoang, có thể là bình thường ở các vận động viên hoặc do thuốc hoặc các bệnh lý gây ra."""
"Viêm vùng chậu,""Viêm vùng chậu (PID) là một bệnh nhiễm trùng ở cơ quan sinh sản nữ, thường do vi khuẩn lây truyền qua đường tình dục gây ra, dẫn đến đau bụng, sốt và tiết dịch bất thường."""
"Bệnh gan,""Bệnh gan là thuật ngữ chỉ một loạt các rối loạn ảnh hưởng đến gan, chẳng hạn như viêm gan, gan nhiễm mỡ hoặc xơ gan, có thể gây vàng da, mệt mỏi và rối loạn chức năng gan."""
"Táo bón mãn tính,""Táo bón mãn tính là một tình trạng kéo dài, đặc trưng bởi việc đi đại tiện không thường xuyên hoặc khó khăn, thường kèm theo khó chịu ở bụng hoặc đầy hơi."""
"polyp da,""Mụn thịt (hay còn gọi là polyp da) là một khối u nhỏ, lành tính trên da, thường xuất hiện ở những vùng da cọ xát vào nhau, như cổ, nách hoặc háng."""
"Viêm dây thần kinh cánh tay,""Viêm dây thần kinh cánh tay là tình trạng viêm các dây thần kinh đám rối thần kinh cánh tay, gây ra đau đột ngột ở vai và cánh tay, sau đó là yếu hoặc tê bì."""
"Viêm thực quản,""Viêm thực quản là tình trạng viêm niêm mạc thực quản, thường do trào ngược axit, nhiễm trùng hoặc thuốc gây ra, dẫn đến đau khi nuốt và khó chịu ở ngực."""
"Viêm túi thừa,""Viêm túi thừa là tình trạng viêm hoặc nhiễm trùng các túi nhỏ (túi thừa) trong thành ruột kết, dẫn đến đau bụng, sốt và thay đổi thói quen đi tiêu."""
"bong gân hoặc căng cơ,""Bong gân là tình trạng dây chằng bị kéo giãn hoặc rách, trong khi căng cơ là tình trạng cơ hoặc gân bị kéo giãn hoặc rách; cả hai đều gây đau, sưng và hạn chế vận động."""
"Đau bụng kinh vô căn,""Đau bụng kinh vô căn (đau bụng kinh nguyên phát) là tình trạng đau quặn bụng kinh dữ dội mà không có bệnh lý cụ thể nào, thường bắt đầu từ tuổi thiếu niên."""
"Rối loạn chức năng ống Eustachian (rối loạn tai),""Rối loạn chức năng ống Eustachian xảy ra khi ống nối tai giữa với cổ họng bị tắc nghẽn hoặc không mở ra, gây ra cảm giác áp lực, đau hoặc các vấn đề về thính giác."""
"Viêm ruột thừa,""Viêm ruột thừa là tình trạng viêm ruột thừa, thường cần phải phẫu thuật, và gây ra đau bụng dưới bên phải đột ngột, buồn nôn và sốt."""
"chứng nôn nghén nặng,""Chứng nôn nghén nặng là một dạng ốm nghén nghiêm trọng trong thai kỳ, dẫn đến buồn nôn dai dẳng, nôn mửa, mất nước và sụt cân."""
"Nhiễm trùng đường tiết niệu,""Nhiễm trùng đường tiết niệu (UTI) là tình trạng nhiễm trùng ở bất kỳ bộ phận nào của hệ tiết niệu, thường là bàng quang, gây đau khi đi tiểu, tiểu gấp và nước tiểu đục hoặc có mùi hôi."""
"Rối loạn thần kinh ngoại biên,""Các rối loạn thần kinh ngoại biên ảnh hưởng đến các dây thần kinh nằm ngoài não và tủy sống, dẫn đến tê bì, yếu cơ, đau nhức hoặc các vấn đề về phối hợp vận động."""
"U nang bã nhờn,""U nang bã nhờn là một khối u lành tính nằm dưới da, chứa đầy chất dầu, thường do tuyến bã nhờn bị tắc nghẽn gây ra."""
"Sảy thai tự nhiên,""Sảy thai tự nhiên là tình trạng mất thai trước tuần thứ 20, thường do vấn đề di truyền hoặc nguyên nhân không rõ, và có thể kèm theo chảy máu và đau bụng."""
"Sỏi mật,""Sỏi mật là những cặn lắng cứng của dịch tiêu hóa trong túi mật, có thể làm tắc nghẽn dòng chảy của mật, gây đau bụng, buồn nôn và đôi khi dẫn đến nhiễm trùng."""
"Bệnh đa xơ cứng,""Bệnh đa xơ cứng (MS) là một bệnh tự miễn dịch, trong đó hệ thống miễn dịch tấn công lớp vỏ bảo vệ của dây thần kinh, dẫn đến suy yếu cơ, các vấn đề về thị lực và khả năng phối hợp."""
"Đau thắt ngực,""Đau thắt ngực là tình trạng đau hoặc khó chịu ở ngực do lưu lượng máu đến cơ tim giảm, thường do gắng sức hoặc căng thẳng gây ra, và thuyên giảm khi nghỉ ngơi hoặc dùng thuốc."""
"rối loạn sắc tố da,""Các rối loạn sắc tố da liên quan đến sự thay đổi màu da do thừa hoặc thiếu melanin, chẳng hạn như bạch biến, nám da hoặc tăng sắc tố."""
"rối loạn nhân cách,""Rối loạn nhân cách là các vấn đề sức khỏe tâm thần liên quan đến những khuôn mẫu suy nghĩ, hoạt động và hành vi cứng nhắc và không lành mạnh, gây ảnh hưởng đến đời sống xã hội hoặc nghề nghiệp."""
"Viêm họng do liên cầu khuẩn,""Viêm họng do liên cầu khuẩn là một bệnh nhiễm trùng họng do vi khuẩn Streptococcus pyogenes gây ra, dẫn đến đau họng, sốt, sưng hạch và amidan đỏ kèm theo các mảng trắng."""
"Khuyết tật phát triển,""Rối loạn phát triển là những tình trạng mãn tính bắt đầu từ thời thơ ấu và ảnh hưởng đến các lĩnh vực thể chất, học tập, ngôn ngữ hoặc hành vi, chẳng hạn như tự kỷ hoặc khuyết tật trí tuệ."""
"Đau lưng mãn tính,""Đau lưng mãn tính là tình trạng đau lưng dai dẳng hoặc tái phát kéo dài hơn ba tháng, thường do các vấn đề về cấu trúc, tổn thương thần kinh hoặc các bệnh thoái hóa."""
"Suy tim,""Suy tim là tình trạng tim không thể bơm máu hiệu quả, dẫn đến mệt mỏi, khó thở, tích nước và giảm khả năng vận động."""
"Viêm kết mạc,""Viêm kết mạc (đau mắt đỏ) là tình trạng viêm màng kết mạc của mắt do nhiễm trùng hoặc dị ứng, dẫn đến đỏ mắt, tiết dịch và kích ứng mắt."""
"Thoát vị đĩa đệm,""Thoát vị đĩa đệm xảy ra khi phần lõi dạng gel bên trong của đĩa đệm cột sống lồi ra ngoài qua vết rách, chèn ép các dây thần kinh gần đó và gây đau lưng, tê bì hoặc yếu cơ."""
"hăm tã,""Hăm tã là tình trạng kích ứng da ở vùng quấn tã của trẻ sơ sinh hoặc người lớn sử dụng tã, thường do độ ẩm, ma sát hoặc nhiễm trùng gây ra."""
"Chàm,""Chàm da (viêm da cơ địa) là một bệnh da mãn tính gây ngứa, viêm, đỏ và khô da, thường do dị ứng, căng thẳng hoặc các chất kích thích gây ra."""
