Bệnh,Ăn kiêng
"Rối loạn hoảng sợ,""['Thực phẩm giàu magie (rau bina, hạt bí ngô, hạnh nhân)', 'Axit béo Omega-3 (cá hồi, hạt lanh, quả óc chó)', 'Tinh bột phức hợp (yến mạch, quinoa)', 'Trà xanh (L-theanine)', 'Hạn chế caffeine và đường']"""
"Viêm âm đạo,""['Men vi sinh (sữa chua, kefir, dưa cải bắp)', 'Chế độ ăn ít đường (tránh đồ ngọt, đường tinh chế)', 'Tỏi (sống hoặc nấu chín)', 'Nước ép nam việt quất (không đường)', 'Bổ sung nước (nước lọc, trà thảo dược)']"""
"Vấn đề trong thời kỳ mang thai,""['Vitamin trước sinh (tham khảo ý kiến ​​bác sĩ)', 'Thực phẩm giàu sắt (thịt đỏ, đậu lăng, rau bina)', 'Thực phẩm giàu folate (rau lá xanh, ngũ cốc tăng cường)', 'Canxi và Vitamin D (sữa, phô mai, sữa thực vật tăng cường)', 'Tránh cá sống, thịt nguội, các sản phẩm từ sữa chưa tiệt trùng']"""
"Viêm tụy cấp,""['Thực phẩm ít chất béo (rau luộc, ức gà nạc)', 'Ăn nhiều bữa nhỏ thường xuyên', 'Nước dùng và chất lỏng trong (nước dùng gà, nước dùng rau củ)', 'Tránh rượu và caffeine', 'Protein nạc (đậu hũ, cá trắng)']"""
"Bệnh hen suyễn,""['Thực phẩm chống viêm (quả việt quất, cải xoăn, nghệ)', 'Thực phẩm giàu magie (hạt bí ngô, rau bina)', 'Omega-3 (cá hồi hoang dã, hạt chia)', 'Tránh các sản phẩm từ sữa nếu bị dị ứng', 'Thực phẩm giàu vitamin D (lòng đỏ trứng, sữa tăng cường vitamin)']"""
"Viêm dạ dày ruột do nhiễm trùng,""['Dung dịch bù nước đường uống (ORS)', 'Chế độ ăn BRAT (chuối, cơm, sốt táo, bánh mì nướng)', 'Súp trong (súp gà)', 'Tránh các sản phẩm từ sữa và thực phẩm nhiều dầu mỡ', 'Probiotics (sữa chua, kefir)']"""
"Viêm xoang cấp tính,""['Thức ăn cay (ớt, cải ngựa)', 'Uống nhiều nước (nước lọc, trà thảo dược)', 'Thực phẩm giàu vitamin C (cam, dâu tây)', 'Trà ấm (gừng, hoa cúc)', 'Tránh đường tinh chế']"""
"Nhiễm trùng giác mạc,""['Thực phẩm giàu vitamin A (cà rốt, khoai lang, rau bina)', 'Thực phẩm giàu kẽm (hạt bí ngô, thịt bò)', 'Uống nhiều nước', 'Tránh rượu và thuốc lá', 'Thực phẩm giàu omega-3 (hạt lanh, cá hồi)']"""
"Lạm dụng cần sa,""['Cung cấp đủ nước (nước lọc, trà thảo dược)', 'Omega-3 tốt cho sức khỏe não bộ (quả óc chó, hạt lanh)', 'Thực phẩm giàu vitamin B (trứng, thịt gia cầm, rau lá xanh)', 'Thực phẩm giàu chất chống oxy hóa (quả mọng, các loại hạt)', 'Hạn chế thực phẩm chế biến sẵn']"""
"Viêm bao hoạt dịch,""['Thực phẩm chống viêm (nghệ, gừng, các loại quả mọng)', 'Axit béo Omega-3 (cá hồi, hạt chia)', 'Vitamin C (ớt chuông, trái cây họ cam quýt)', 'Cung cấp đủ nước', 'Tránh thực phẩm chế biến sẵn và chiên rán']"""
"dày sừng quang hóa,""['Thực phẩm giàu chất chống oxy hóa (quả mọng, rau bina, các loại hạt)', 'Thực phẩm giàu vitamin E (hạnh nhân, hạt hướng dương)', 'Axit béo Omega-3 (cá hồi, hạt lanh)', 'Trà xanh', 'Tránh tiếp xúc quá nhiều với ánh nắng mặt trời']"""
"Bệnh phổi tắc nghẽn mãn tính (COPD),""['Thực phẩm chống viêm (nghệ, gừng, các loại quả mọng)', 'Axit béo Omega-3 (cá hồi hoang dã, quả óc chó)', 'Thực phẩm giàu protein (thịt gà, đậu)', 'Thực phẩm giàu vitamin C (cam, bông cải xanh)', 'Cung cấp đủ nước']"""
"Thoái hóa cột sống,""['Thực phẩm giàu canxi (sữa, phô mai, sữa thực vật tăng cường)', 'Thực phẩm giàu vitamin D (lòng đỏ trứng, ngũ cốc tăng cường)', 'Thực phẩm chống viêm (nghệ, rau lá xanh)', 'Nguồn magiê (các loại hạt)', 'Axit béo Omega-3 (hạt lanh, cá)']"""
"Chấn thương cánh tay,""['Thực phẩm giàu protein (thịt gà, trứng, các loại đậu)', 'Thực phẩm giàu vitamin C (trái cây họ cam quýt, dâu tây)', 'Nguồn kẽm (thịt bò, hạt bí ngô)', 'Cung cấp nước', 'Thực phẩm chống viêm (nghệ, gừng)']"""
"Hội chứng đau vùng phức hợp,""['Thực phẩm chống viêm (nghệ, quả mọng, rau lá xanh)', 'Axit béo Omega-3 (cá hồi, quả óc chó)', 'Thực phẩm giàu magie (rau bina, hạnh nhân)', 'Thực phẩm giàu vitamin D (sữa tăng cường, lòng đỏ trứng)', 'Tránh đường chế biến sẵn và rượu']"""
"Chấn thương vùng thân,""['Thực phẩm giàu protein (đậu phụ, thịt nạc)', 'Thực phẩm giàu vitamin C (ớt chuông, kiwi)', 'Nguồn kẽm (hải sản, các loại hạt)', 'Cung cấp nước', 'Gia vị chống viêm (gừng, nghệ)']"""
"Đau âm hộ,""['Thực phẩm chống viêm (quả việt quất, rau lá xanh)', 'Thực phẩm giàu lợi khuẩn (sữa chua, kim chi)', 'Axit béo Omega-3 (hạt lanh, cá hồi)', 'Thực phẩm giàu vitamin E (các loại hạt)', 'Tránh các chất gây kích ứng và thực phẩm chế biến sẵn']"""
"Chấn động não,""['Axit béo Omega-3 (hạt chia, cá hồi)', 'Thực phẩm giàu chất chống oxy hóa (quả việt quất, sô cô la đen)', 'Thực phẩm giàu protein (trứng, thịt gà)', 'Cung cấp đủ nước', 'Vitamin B (ngũ cốc nguyên hạt, rau lá xanh)']"""
"Hạ đường huyết,""['Tinh bột phức hợp (ngũ cốc nguyên hạt, các loại đậu)', 'Protein trong mỗi bữa ăn (trứng, các loại hạt)', 'Tránh ăn vặt nhiều đường', 'Ăn nhiều bữa nhỏ thường xuyên', 'Thực phẩm giàu chất xơ (rau, trái cây)']"""
"Thoát vị hoành,""['Ăn nhiều bữa nhỏ thường xuyên', 'Tránh thức ăn cay và caffeine', 'Thực phẩm giàu chất xơ (yến mạch, rau củ)', 'Protein nạc (thịt gà, cá)', 'Tránh thức ăn nhiều chất béo và đồ chiên rán']"""
"Dị ứng,""['Chế độ ăn loại trừ (tránh các thực phẩm gây dị ứng)', 'Axit béo Omega-3 (cá hồi, hạt lanh)', 'Thực phẩm giàu vitamin C (cam, ớt chuông)', 'Thực phẩm giàu Quercetin (táo, hành tây)', 'Probiotics (sữa chua, kefir)']"""
"Co thắt phế quản cấp tính,""['Thực phẩm chống viêm (gừng, nghệ)', 'Axit béo Omega-3 (cá hồi hoang dã, hạt chia)', 'Thực phẩm giàu vitamin C (trái cây họ cam quýt)', 'Uống đủ nước', 'Tránh các sản phẩm từ sữa nếu lượng dịch nhầy tăng lên']"""
"Bệnh thoái hóa đĩa đệm,""['Thực phẩm giàu canxi (sữa, phô mai)', 'Thực phẩm giàu vitamin D (cá béo, lòng đỏ trứng)', 'Thực phẩm chống viêm (quả mọng, rau lá xanh)', 'Nguồn magiê (hạt bí ngô, hạnh nhân)', 'Thực phẩm giàu protein (thịt gà, các loại đậu)']"""
"Đau sau phẫu thuật,""['Thực phẩm giàu protein (trứng, cá)', 'Thực phẩm giàu vitamin C (kiwi, dâu tây)', 'Thực phẩm giàu kẽm (thịt bò, các loại hạt)', 'Thực phẩm chống viêm (nghệ, gừng)', 'Uống đủ nước']"""
"Chấn thương ở chân,""['Thực phẩm giàu protein (thịt nạc, đậu)', 'Thực phẩm giàu vitamin C (cam, dâu tây)', 'Thực phẩm giàu kẽm (hải sản, hạt bí ngô)', 'Gia vị chống viêm (gừng, nghệ)', 'Cung cấp đủ nước']"""
"Bệnh gout,""['Thực phẩm ít purin (rau, ngũ cốc nguyên hạt)', 'Quả anh đào và các loại quả mọng', 'Uống nhiều nước', 'Hạn chế thịt đỏ và hải sản', 'Tránh rượu và đồ uống có đường']"""
"Viêm tai giữa,""['Đồ uống bù nước (nước, trà thảo dược)', 'Thực phẩm giàu vitamin C (trái cây họ cam quýt)', 'Thực phẩm chứa men vi sinh (sữa chua, kefir)', 'Tránh các sản phẩm từ sữa nếu chúng làm tăng chất nhầy', 'Thực phẩm chống viêm (gừng, nghệ)']"""
"Suy thận cấp tính,""['Chế độ ăn ít protein (tham khảo ý kiến ​​bác sĩ)', 'Hạn chế natri (tránh thực phẩm chế biến sẵn)', 'Điều chỉnh lượng kali (chuối, khoai tây – theo lời khuyên của bác sĩ)', 'Theo dõi lượng nước uống', 'Tránh thực phẩm giàu phốt pho (sữa, các loại hạt)']"""
"Dọa sẩy thai,""['Thực phẩm giàu axit folic (rau lá xanh, đậu)', 'Thực phẩm giàu sắt (thịt đỏ, đậu lăng)', 'Uống đủ nước', 'Chế độ ăn cân bằng với protein (thịt gà, cá)', 'Tránh rượu, caffeine và cá có hàm lượng thủy ngân cao']"""
"Bệnh về nướu,""['Thực phẩm giàu vitamin C (trái cây họ cam quýt, dâu tây)', 'Thực phẩm giàu canxi (sữa, sữa chua)', 'Trà xanh', 'Tránh thực phẩm nhiều đường và dính', 'Axit béo Omega-3 (quả óc chó, hạt lanh)']"""
"Xuất huyết đường tiêu hóa,""['Tránh thức ăn cay và chua', 'Chế độ ăn nhạt (chuối, cơm, sốt táo)', 'Uống nhiều nước', 'Thực phẩm giàu sắt sau khi chảy máu (rau bina, đậu)', 'Tránh rượu và thuốc chống viêm không steroid']"""
"Rối loạn lo âu,""['Thực phẩm giàu magie (các loại hạt)', 'Axit béo Omega-3 (cá hồi, hạt chia)', 'Thực phẩm giàu vitamin B phức hợp (ngũ cốc nguyên hạt, trứng)', 'Probiotics (kimchi, sữa chua)', 'Hạn chế caffeine và đường']"""
"Viêm kết mạc do dị ứng,""['Thực phẩm giàu chất kháng histamine (quercetin trong táo, hành tây)', 'Axit béo Omega-3 (cá hồi, hạt lanh)', 'Thực phẩm giàu vitamin C (cam quýt)', 'Cung cấp đủ nước', 'Tránh các chất gây dị ứng']"""
"Phản ứng thuốc,""['Chế độ ăn uống cân bằng với chất chống oxy hóa (quả mọng, rau lá xanh)', 'Uống đủ nước', 'Tránh thực phẩm chế biến sẵn và gây dị ứng', 'Thực phẩm giàu vitamin C và E (các loại hạt, quả hạch, trái cây họ cam quýt)', 'Tham khảo ý kiến ​​bác sĩ về các hạn chế cụ thể']"""
"Thoái hóa điểm vàng,""['Thực phẩm giàu vitamin A (cà rốt, khoai lang)', 'Thực phẩm giàu lutein và zeaxanthin (rau bina, cải xoăn)', 'Axit béo Omega-3 (cá, quả óc chó)', 'Thực phẩm giàu kẽm (hạt bí ngô, thịt bò)', 'Thực phẩm giàu chất chống oxy hóa (quả việt quất, trái cây họ cam quýt)']"""
"Viêm phổi,""['Các loại đồ uống bù nước (nước, trà thảo dược)', 'Thực phẩm giàu protein (thịt gà, đậu)', 'Thực phẩm giàu vitamin C (cam, bông cải xanh)', 'Tránh các sản phẩm từ sữa nếu tình trạng tiết dịch nhầy trở nên trầm trọng hơn', 'Thực phẩm chống viêm (nghệ, gừng)']"""
"U nang âm đạo,""['Thực phẩm giàu lợi khuẩn (sữa chua, kefir)', 'Thực phẩm chống viêm (quả mọng, rau lá xanh)', 'Uống đủ nước', 'Tránh các chất gây kích ứng và thực phẩm chế biến sẵn', 'Axit béo Omega-3 (cá hồi, hạt lanh)']"""
"Hội chứng ống cổ tay,""['Thực phẩm chống viêm (nghệ, gừng)', 'Axit béo Omega-3 (hạt chia, cá hồi)', 'Thực phẩm giàu magie (rau bina, hạnh nhân)', 'Thực phẩm giàu vitamin B6 (chuối, thịt gia cầm)', 'Tránh tiêu thụ quá nhiều caffeine và đường']"""
"Rối loạn mũi,""['Uống đủ nước', 'Thực phẩm giàu vitamin C (cam quýt, dâu tây)', 'Thực phẩm giàu kẽm (thịt, hạt)', 'Tránh các chất gây dị ứng và kích ứng', 'Đồ uống ấm và thực phẩm chống viêm (gừng, mật ong)']"""
"Sâu răng,""['Thực phẩm giàu canxi (sữa, phô mai)', 'Thực phẩm giàu vitamin D (cá béo, ngũ cốc tăng cường)', 'Hạn chế thực phẩm nhiều đường và dính', 'Trái cây và rau củ giòn (táo, cà rốt)', 'Trà xanh']"""
"Bệnh tim do tăng huyết áp,""['Chế độ ăn ít natri (tránh thực phẩm chế biến sẵn)', 'Thực phẩm giàu kali (chuối, khoai lang)', 'Axit béo Omega-3 (cá hồi, quả óc chó)', 'Ngũ cốc nguyên hạt (gạo lứt, yến mạch)', 'Hạn chế chất béo bão hòa (bơ, thịt mỡ)']"""
"Dị ứng theo mùa (Sốt cỏ khô),""['Thực phẩm giàu Quercetin (hành tây, táo)', 'Thực phẩm giàu Vitamin C (trái cây họ cam quýt)', 'Axit béo Omega-3 (hạt lanh, cá)', 'Probiotics (sữa chua, kim chi)', 'Tránh các chất gây dị ứng']"""
"Nhiễm nấm tóc,""['Thực phẩm chống nấm (tỏi, dầu dừa)', 'Thực phẩm chứa men vi sinh (sữa chua, kefir)', 'Thực phẩm giàu vitamin E (các loại hạt)', 'Thực phẩm giàu kẽm (thịt bò, hạt bí ngô)', 'Tránh đường và thực phẩm chế biến sẵn']"""
"Rối loạn trực tràng,""['Thực phẩm giàu chất xơ (ngũ cốc nguyên hạt, trái cây, rau củ)', 'Uống đủ nước', 'Tránh thức ăn cay và chế biến sẵn', 'Probiotics (sữa chua, dưa cải bắp)', 'Hạn chế caffeine và rượu']"""
"Mụn lẹo,""['Thực phẩm giàu vitamin A (cà rốt, khoai lang)', 'Thực phẩm giàu vitamin C (cam quýt)', 'Uống đủ nước', 'Axit béo Omega-3 (cá hồi, hạt lanh)', 'Tránh các chất gây kích ứng mắt']"""
"Đau tim,""['Chế độ ăn ít muối (rau, trái cây tươi)', 'Axit béo Omega-3 (cá hồi, hạt lanh)', 'Ngũ cốc nguyên hạt (gạo lứt, yến mạch)', 'Protein nạc (thịt gà, đậu)', 'Hạn chế chất béo bão hòa và chất béo chuyển hóa (thực phẩm chế biến sẵn, thực phẩm chiên rán)']"""
"Ngưng thở khi ngủ do tắc nghẽn (OSA),""['Chế độ ăn kiểm soát cân nặng (kiểm soát lượng calo)', 'Tránh rượu và thuốc an thần', 'Thực phẩm giàu chất xơ (ngũ cốc nguyên hạt, trái cây)', 'Tránh ăn bữa ăn nặng trước khi đi ngủ', 'Uống đủ nước']"""
"Bệnh vẩy nến,""['Thực phẩm chống viêm (nghệ, gừng, các loại quả mọng)', 'Axit béo Omega-3 (cá hồi, quả óc chó)', 'Thực phẩm giàu vitamin D (lòng đỏ trứng, ngũ cốc tăng cường)', 'Tránh gluten nếu bị dị ứng', 'Uống đủ nước']"""
"Viêm khớp hông,""['Thực phẩm chống viêm (dầu ô liu, nghệ, các loại quả mọng)', 'Axit béo Omega-3 (cá, hạt lanh)', 'Thực phẩm giàu canxi (sản phẩm từ sữa, rau lá xanh)', 'Thực phẩm giàu vitamin D (sữa tăng cường, lòng đỏ trứng)', 'Chế độ ăn duy trì cân nặng khỏe mạnh']"""
"Khủng hoảng hồng cầu hình liềm,""['Thực phẩm giàu folate (rau lá xanh, các loại đậu)', 'Đồ uống bù nước (nước, trà thảo dược)', 'Thực phẩm giàu sắt (thịt nạc, đậu)', 'Thực phẩm giàu vitamin B6 (chuối, gia cầm)', 'Chế độ ăn uống cân bằng protein']"""
"Viêm tai ngoài,""['Cung cấp đủ nước', 'Tránh các chất gây kích ứng và dị ứng', 'Thực phẩm giàu vitamin C (trái cây họ cam quýt, ớt chuông)', 'Thực phẩm chống viêm (nghệ, gừng)', 'Probiotics (sữa chua, kefir)']"""
"Viêm tiểu phế quản cấp tính,""['Bổ sung nước (nước, trà thảo dược)', 'Thực phẩm giàu vitamin C (cam, dâu tây)', 'Thực phẩm giàu protein (thịt gà, đậu)', 'Tránh các sản phẩm từ sữa nếu lượng dịch nhầy tăng lên', 'Thực phẩm chống viêm (gừng, nghệ)']"""
"Nhiễm trùng da mủ,""['Thực phẩm giàu protein (thịt nạc, trứng)', 'Thực phẩm giàu vitamin C (trái cây họ cam quýt, kiwi)', 'Thực phẩm giàu kẽm (hạt bí ngô, các loại hạt)', 'Uống đủ nước', 'Tránh thực phẩm nhiều đường và thực phẩm chế biến sẵn']"""
"Viêm dạ dày ruột không do nhiễm trùng,""['Chế độ ăn nhạt (chuối, cơm, sốt táo)', 'Uống nhiều nước', 'Tránh thức ăn cay, béo và các sản phẩm từ sữa', 'Probiotics (sữa chua, kefir)', 'Ăn nhiều bữa nhỏ thường xuyên']"""
"Tăng sản tuyến tiền liệt lành tính (BPH),""['Uống đủ nước', 'Hạn chế caffeine và rượu', 'Thực phẩm giàu kẽm (hạt bí ngô, thịt bò)', 'Cà chua (lycopene)', 'Thực phẩm giàu chất xơ (ngũ cốc nguyên hạt, trái cây, rau củ)']"""
"Hẹp ống sống,""['Thực phẩm chống viêm (quả mọng, rau lá xanh)', 'Axit béo Omega-3 (cá hồi, hạt lanh)', 'Thực phẩm giàu canxi (sữa, phô mai)', 'Thực phẩm giàu vitamin D (lòng đỏ trứng, ngũ cốc tăng cường)', 'Thực phẩm giàu protein (thịt gà, các loại đậu)']"""
"Viêm phế quản cấp tính,""['Uống đủ nước', 'Thực phẩm giàu vitamin C (trái cây họ cam quýt, ớt chuông)', 'Tránh các sản phẩm từ sữa nếu lượng dịch nhầy tăng lên', 'Thực phẩm chống viêm (gừng, nghệ)', 'Thực phẩm giàu protein (thịt gà, đậu)']"""
"bệnh viêm thanh quản cấp tính,""['Uống đủ nước', 'Không khí ẩm', 'Thực phẩm giàu vitamin C (cam, dâu tây)', 'Tránh các sản phẩm từ sữa nếu tình trạng đờm trở nên nặng hơn', 'Thức ăn mềm, dễ nuốt (súp, sinh tố)']"""
"Kinh nguyệt quá nhiều không rõ nguyên nhân,""['Thực phẩm giàu sắt (rau bina, thịt đỏ)', 'Thực phẩm giàu vitamin C (cam, ớt chuông)', 'Uống đủ nước', 'Tránh caffeine và rượu', 'Thực phẩm giàu chất xơ (ngũ cốc nguyên hạt, trái cây)']"""
"Tổn thương màng nhĩ,""['Thực phẩm giàu protein (thịt nạc, trứng)', 'Thực phẩm giàu vitamin C (cam quýt, bông cải xanh)', 'Thực phẩm giàu kẽm (hải sản, hạt bí ngô)', 'Uống đủ nước', 'Tránh các chất gây kích ứng']"""
"Có máu trong nước tiểu (tạm thời hoặc lành tính),""['Uống đủ nước', 'Tránh các chất gây kích ứng (thức ăn cay, caffeine)', 'Chế độ ăn uống cân bằng với trái cây và rau quả', 'Hạn chế muối và thực phẩm chế biến sẵn', 'Tham khảo ý kiến ​​bác sĩ để được tư vấn cụ thể']"""
"Cảm lạnh thông thường,""['Bổ sung nước (nước, trà thảo dược)', 'Thực phẩm giàu vitamin C (cam quýt, kiwi)', 'Thực phẩm giàu kẽm (các loại hạt)', 'Súp gà', 'Tránh các sản phẩm từ sữa nếu chất nhầy tăng lên']"""
"Trầm cảm,""['Axit béo Omega-3 (cá hồi, quả óc chó)', 'Thực phẩm giàu vitamin D (lòng đỏ trứng, ngũ cốc tăng cường)', 'Tinh bột phức hợp (ngũ cốc nguyên hạt, các loại đậu)', 'Thực phẩm giàu folate (rau lá xanh, đậu)', 'Hạn chế đường chế biến và caffeine']"""
"Chu kỳ kinh nguyệt không đều vô căn,""['Chế độ ăn uống cân bằng với protein (thịt gà, đậu)', 'Thực phẩm giàu sắt (rau bina, đậu lăng)', 'Thực phẩm giàu vitamin B6 (chuối, gia cầm)', 'Uống đủ nước', 'Tránh caffeine và thực phẩm nhiều đường']"""
"Tâm thần phân liệt,""['Axit béo Omega-3 (cá, hạt lanh)', 'Tinh bột phức hợp (ngũ cốc nguyên hạt, rau củ)', 'Thực phẩm giàu vitamin B (trứng, các loại hạt)', 'Thực phẩm giàu chất chống oxy hóa (quả mọng, trái cây họ cam quýt)', 'Hạn chế caffeine và thực phẩm chế biến sẵn']"""
"Nhiễm trùng huyết,""['Thực phẩm giàu protein (trứng, thịt nạc)', 'Uống đủ nước', 'Thực phẩm giàu vitamin C và kẽm (trái cây họ cam quýt, hạt bí ngô)', 'Cân bằng lượng chất điện giải', 'Tham khảo ý kiến ​​bác sĩ để được hỗ trợ dinh dưỡng cụ thể']"""
"Viêm túi mật,""['Chế độ ăn ít chất béo (protein nạc, rau củ)', 'Tránh đồ chiên rán và đồ béo', 'Thực phẩm giàu chất xơ (ngũ cốc nguyên hạt, trái cây)', 'Uống nhiều nước', 'Ăn nhiều bữa nhỏ thường xuyên']"""
"Viêm bàng quang,""['Uống nhiều nước (nước lọc, nước ép nam việt quất)', 'Tránh caffeine và rượu', 'Thực phẩm giàu vitamin C (cam, dâu tây)', 'Thực phẩm chứa men vi sinh (sữa chua, kefir)', 'Tránh thức ăn cay và chua']"""
"Bệnh trĩ,""['Thực phẩm giàu chất xơ (ngũ cốc nguyên hạt, trái cây, rau củ)', 'Uống đủ nước', 'Tránh rặn và táo bón', 'Hạn chế caffeine và rượu', 'Probiotics (sữa chua, kim chi)']"""
"Viêm da tiếp xúc,""['Tránh các thực phẩm gây dị ứng', 'Thực phẩm chống viêm (nghệ, gừng)', 'Nước uống bổ sung nước', 'Thực phẩm giàu vitamin E (các loại hạt)', 'Probiotics (thực phẩm lên men)']"""
"Nhịp tim chậm xoang,""['Chế độ ăn uống cân bằng với đủ chất điện giải (kali từ chuối, magiê từ các loại hạt)', 'Uống đủ nước', 'Hạn chế caffeine và rượu', 'Ngũ cốc nguyên hạt và protein nạc', 'Tham khảo ý kiến ​​bác sĩ tim mạch']"""
"Bệnh viêm vùng chậu,""['Cung cấp đủ nước', 'Thực phẩm giàu protein (thịt gà, đậu)', 'Thực phẩm giàu vitamin C (trái cây họ cam quýt)', 'Tránh các chất gây kích ứng và thực phẩm chế biến sẵn', 'Probiotics (sữa chua, kefir)']"""
"Bệnh gan,""['Chế độ ăn ít natri (tránh thực phẩm chế biến sẵn)', 'Thực phẩm giàu protein (trứng, thịt nạc)', 'Thực phẩm giàu vitamin (rau lá xanh, trái cây)', 'Tránh rượu và chất béo bão hòa', 'Uống đủ nước']"""
"Táo bón mãn tính,""['Thực phẩm giàu chất xơ (ngũ cốc nguyên hạt, trái cây, rau củ)', 'Uống đủ nước', 'Thực phẩm chứa men vi sinh (sữa chua, kim chi)', 'Hạn chế thực phẩm chế biến sẵn và nhiều chất béo', 'Ăn uống đều đặn và vận động thể chất']"""
"Polyp da,""['Chế độ ăn uống cân bằng với chất chống oxy hóa (quả mọng, rau lá xanh)', 'Thực phẩm giàu vitamin A (cà rốt, khoai lang)', 'Uống đủ nước', 'Tránh thực phẩm chế biến sẵn và chiên rán', 'Axit béo Omega-3 (cá, hạt lanh)']"""
"Viêm dây thần kinh cánh tay,""['Thực phẩm giàu protein (thịt gà, đậu)', 'Thực phẩm chống viêm (nghệ, gừng)', 'Axit béo Omega-3 (cá hồi, quả óc chó)', 'Vitamin B phức hợp (ngũ cốc nguyên hạt, trứng)', 'Cung cấp đủ nước']"""
"Viêm thực quản,""['Chế độ ăn mềm, nhạt (chuối, sốt táo, bột yến mạch)', 'Tránh thức ăn cay, chua và béo', 'Ăn nhiều bữa nhỏ thường xuyên', 'Uống nhiều nước', 'Tránh caffeine và rượu']"""
"Viêm túi thừa,""['Chế độ ăn ít chất xơ trong giai đoạn bùng phát (bánh mì trắng, cơm trắng)', 'Uống nhiều nước', 'Tăng dần chế độ ăn nhiều chất xơ (trái cây, rau củ, ngũ cốc nguyên hạt)', 'Tránh các loại hạt trong giai đoạn bùng phát', 'Probiotics']"""
"Bong gân hoặc căng cơ,""['Thực phẩm giàu protein (thịt nạc, trứng)', 'Thực phẩm chống viêm (gừng, nghệ)', 'Thực phẩm giàu vitamin C (trái cây họ cam quýt)', 'Cung cấp đủ nước', 'Thực phẩm giàu kẽm (các loại hạt)']"""
"Đau bụng kinh vô căn,""['Thực phẩm giàu magie (rau bina, sô cô la đen)', 'Axit béo Omega-3 (cá hồi, quả óc chó)', 'Uống đủ nước', 'Tránh thực phẩm mặn và chế biến sẵn', 'Trà gừng và nghệ']"""
"Rối loạn chức năng ống Eustachian (Rối loạn tai),""['Thực phẩm chống viêm (quả mọng, rau lá xanh)', 'Thực phẩm giàu vitamin C (cam, ớt)', 'Uống đủ nước', 'Tránh các sản phẩm từ sữa nếu tình trạng nghẹt mũi trở nên trầm trọng hơn', 'Probiotics (sữa chua)']"""
"Viêm ruột thừa,""['Sau phẫu thuật: thức ăn mềm (nước dùng, cơm, sốt táo)', 'Uống nhiều nước', 'Tránh thức ăn nhiều chất béo và cay', 'Tăng dần lượng chất xơ (rau, trái cây)', 'Men vi sinh']"""
"Hyperemesis Gravidarum,""['Ăn nhiều bữa nhỏ thường xuyên', 'Thức ăn nhạt (bánh quy giòn, cơm)', 'Trà gừng', 'Thực phẩm giàu vitamin B6 (chuối, đậu xanh)', 'Bổ sung nước bằng chất điện giải (ORS, nước dừa)']"""
"Nhiễm trùng đường tiết niệu,""['Uống đủ nước (nước lọc, nước ép nam việt quất)', 'Tránh caffeine, rượu bia và thức ăn cay', 'Thực phẩm giàu vitamin C (cam quýt, ớt chuông)', 'Thực phẩm giàu men vi sinh (sữa chua, kefir)', 'Thực phẩm giàu chất xơ']"""
"Rối loạn thần kinh ngoại biên,""['Thực phẩm giàu vitamin B (ngũ cốc nguyên hạt, trứng, rau lá xanh)', 'Axit béo Omega-3 (cá hồi, hạt chia)', 'Thực phẩm chống viêm (nghệ, quả mọng)', 'Cung cấp đủ nước']"""
"U nang tuyến bã nhờn,""['Thực phẩm chống viêm (gừng, nghệ, rau lá xanh)', 'Thực phẩm giàu kẽm (hạt bí ngô, các loại hạt)', 'Thực phẩm giàu vitamin A (cà rốt, khoai lang)', 'Cung cấp đủ nước']"""
"Sảy thai tự nhiên,""['Thực phẩm giàu sắt (thịt đỏ, rau bina)', 'Vitamin C (cam quýt, dâu tây)', 'Thực phẩm giàu folate (các loại đậu, rau lá xanh đậm)', 'Cung cấp đủ nước', 'Trà thảo dược giúp thư giãn']"""
"Sỏi mật,""['Chế độ ăn ít chất béo (rau hấp, thịt nạc)', 'Thực phẩm giàu chất xơ (ngũ cốc nguyên hạt, táo)', 'Tránh đồ chiên rán và tinh bột tinh chế', 'Uống nhiều nước', 'Ăn nhiều bữa nhỏ thường xuyên']"""
"Bệnh đa xơ cứng,""['Axit béo Omega-3 (hạt lanh, cá hồi)', 'Thực phẩm giàu vitamin D (trứng, sữa tăng cường vitamin)', 'Thực phẩm giàu chất chống oxy hóa (quả mọng, rau bina)', 'Hạn chế chất béo bão hòa', 'Probiotics']"""
"Đau thắt ngực,""['Chế độ ăn tốt cho tim mạch (yến mạch, dầu ô liu, cá)', 'Axit béo Omega-3 (cá hồi, hạt lanh)', 'Thực phẩm ít natri', 'Trái cây và rau quả', 'Tránh chất béo chuyển hóa và thịt đỏ']"""
"Rối loạn sắc tố da,""['Thực phẩm giàu vitamin C (cam, ớt chuông)', 'Thực phẩm giàu vitamin E (hạnh nhân, hạt hướng dương)', 'Beta-carotene (cà rốt, khoai lang)', 'Cung cấp đủ nước', 'Trà xanh']"""
"Rối loạn nhân cách,""['Chế độ ăn uống cân bằng', 'Axit béo Omega-3 (quả óc chó, hạt lanh)', 'Vitamin B phức hợp (trứng, các loại đậu)', 'Thực phẩm giàu magie (sô cô la đen, rau bina)', 'Tránh đường và thực phẩm chế biến sẵn']"""
"Viêm họng liên cầu khuẩn,""['Thức ăn mềm (súp, khoai tây nghiền)', 'Trà ấm (gừng, hoa cúc)', 'Uống nhiều nước', 'Tránh thức ăn chua hoặc cay', 'Thực phẩm giàu vitamin C (cam, dâu tây)']"""
"Khuyết tật phát triển,""['Chế độ ăn uống cân bằng, giàu chất dinh dưỡng', 'Axit béo Omega-3 (cá, hạt lanh)', 'Vitamin B (ngũ cốc nguyên hạt, thịt)', 'Thực phẩm giàu chất xơ', 'Hạn chế đường và chất phụ gia nhân tạo']"""
"Đau lưng mãn tính,""['Thực phẩm chống viêm (quả mọng, nghệ)', 'Canxi và Vitamin D (sữa, phô mai, trứng)', 'Thực phẩm giàu Magiê (các loại hạt, rau lá xanh)', 'Omega-3 (cá hồi)']"""
"Suy tim,""['Chế độ ăn ít natri', 'Theo dõi lượng chất lỏng', 'Thực phẩm giàu kali (chuối, khoai lang)', 'Axit béo Omega-3 (cá)', 'Tránh thịt đỏ và chất béo bão hòa']"""
"Viêm kết mạc,""['Thực phẩm giàu vitamin A (cà rốt, rau bina)', 'Thực phẩm giàu kẽm (hạt bí ngô)', 'Uống đủ nước', 'Probiotics (sữa chua)', 'Tránh các sản phẩm từ sữa nếu bị dị ứng']"""
"Thoát vị đĩa đệm,""['Chế độ ăn chống viêm (gừng, rau lá xanh)', 'Axit béo Omega-3 (cá, hạt lanh)', 'Vitamin D và canxi (thực phẩm bổ sung, sữa)', 'Uống đủ nước']"""
"Hăm tã,""['Cho con bú (đối với trẻ sơ sinh)', 'Đối với trẻ lớn hơn: Tránh các thực phẩm có tính axit (cà chua, trái cây họ cam quýt)', 'Probiotics (sữa chua)', 'Thực phẩm giàu kẽm (trứng, thịt)', 'Cung cấp đủ nước']"""
"Chàm,""['Thực phẩm chống viêm (nghệ, việt quất)', 'Axit béo Omega-3 (cá hồi, hạt chia)', 'Tránh thực phẩm gây dị ứng (sữa, gluten)', 'Probiotics', 'Vitamin D (trứng, nấm)']"""
